[{
	"PSPID": "K1024.2.18.7",
	"PSPTitle": "CR DO_ALL Method",
	"PSPLead": "Tom Blanc",
	"DueDate": "Monday, 20 Juli 2015",
	"CustomerId": "1234",
	"CustomerName": "Project Limitless, XYZ company",
	"Status": "Approved",
	"QAApprover": "Michael Broadman",
	"Hours": "112 hours"
}, {
	"PSPID": "K1006.3.16.7",
	"PSPTitle": "Web interface / Car pooling",
	"PSPLead": "John Declerc",
	"DueDate": "Monday, 7 September 2015",
	"CustomerId": "3357",
	"CustomerName": "Project Rechange HR, Forward Focus Ltd.",
	"Status": "Approval pending",
	"QAApprover": "Michael Broadman",
	"Hours": "170 hours"
}, {
	"PSPID": "K1024.2.18.9",
	"PSPTitle": "CR Screen for details",
	"PSPLead": "Tom Blanc",
	"DueDate": "Monday, 20 Juli 2015",
	"CustomerId": "1234",
	"CustomerName": "Project Limitless, XYZ company",
	"Status": "Finished",
	"QAApprover": "Michael Broadman",
	"Hours": "78 hours"
}]